{
  "criteria": {
  
    "netherite_block": {
      "trigger": "minecraft:recipe_crafted",
      "conditions": {
        "recipe_id": "netherite_block"
      }
    },
    "netherite_ingot_from_netherite_block": {
      "trigger": "minecraft:recipe_crafted",
      "conditions": {
        "recipe_id": "netherite_ingot_from_netherite_block"
      }
    },
    "netherite_ingot": {
      "trigger": "minecraft:recipe_crafted",
      "conditions": {
        "recipe_id": "netherite_ingot"
      }
    }
  },
  "requirements": [
    [
      "netherite_block",
      "netherite_ingot_from_netherite_block",
      "netherite_ingot"
     
    ]
  ],
  "parent": "vanilla_refresh:craft/any"
}