{
  "criteria": {
    "requirement": {
      "trigger": "minecraft:inventory_changed",
      "conditions": {
        "player": [],
        "items": [
          {
            "items": "minecraft:bundle",
            "components": {
              "minecraft:custom_data": {"VanillaRefreshBundle":1} ,
              "minecraft:bundle_contents": []
            }
          }
        ]
      }
    }
  },
  "rewards": {
    "function": "vanilla_refresh:other/actions/erase_empty_bundle"
  }
}
