{
  "condition": "minecraft:any_of",
  "terms": [


    {
      "condition": "minecraft:value_check",
      "value": {
        "type": "minecraft:storage",
        "storage": "vanilla_refresh_config:config",
        "path": "config.dragonegg"
      },
      "range": 1
    },
    {
      "condition": "minecraft:value_check",
      "value": {
        "type": "minecraft:storage",
        "storage": "vanilla_refresh_config:config",
        "path": "config.dragonelytra"
      },
      "range": 1
    }
    
    
  ]
}


