{
  "condition": "any_of",
  "terms": [
    {
      "condition": "minecraft:value_check",
      "value": {
        "type": "minecraft:storage",
        "storage": "vanilla_refresh_config:config",
        "path": "config.jukebox"
      },
      "range": 1
    },
    {
      "condition": "minecraft:value_check",
      "value": {
        "type": "minecraft:storage",
        "storage": "vanilla_refresh_config:config",
        "path": "config.jukebox_stop_sound"
      },
      "range": 1
    }

  ]
}



  