[
  {
    "condition": "minecraft:inverted",
    "term": {
      "condition": "minecraft:reference",
      "name": "vanilla_refresh:condition/spectator"
    }
  },
  {
    "condition": "minecraft:inverted",
    "term": {
      "condition": "minecraft:reference",
      "name": "vanilla_refresh:condition/invisible"
    }
  },
      {
        "condition": "minecraft:inverted",
        "term": {
          "condition": "minecraft:any_of",
          "terms": [
          
            {
              "condition": "minecraft:entity_properties",
              "entity": "this",
              "predicate": {
                "type": "#vanilla_refresh:misc"
              }
            },
            {
              "condition": "minecraft:entity_properties",
              "entity": "this",
              "predicate": {
                "nbt": "{Tags:[\"refresh_entity_misc\"]}"
              }
            }
          ]
        }
      }
    
  
]